,Team,Opp,Name,Pos,FD_points,Key,Date,first_downs,TotYd,PassY,RushY,TO,day,kickoff,location,Defense,FFP_lag1,FFP_lag2,FFP_lag3,Tot_lag1,Pass_lag1,Russ_lag1,Tot_lag2,Pass_lag2,Russ_lag2,Tot_lag3,Pass_lag3,Russ_lag3
0,DAL,NYG,Dak Prescott (PresDa01),QB,13.9,PresDa01,2020-10-11,28.0,402.0,276.0,126.0,2.0,Sun,4:25PM ET,@,Giants,38.3,29.5,39.8,240.0,182.0,58.0,420.0,327.0,93.0,304.0,169.0,135.0
1,DAL,CLE,Dak Prescott (PresDa01),QB,38.3,PresDa01,2020-10-04,35.0,566.0,481.0,85.0,3.0,Sun,1:00PM ET,@,Browns,29.5,39.8,17.6,309.0,206.0,103.0,353.0,285.0,68.0,381.0,270.0,111.0
2,DAL,SEA,Dak Prescott (PresDa01),QB,29.5,PresDa01,2020-09-27,27.0,522.0,461.0,61.0,3.0,Sun,4:25PM ET,home,Seahawks,39.8,17.6,,464.0,397.0,67.0,506.0,434.0,72.0,333.0,169.0,164.0
3,DAL,ATL,Dak Prescott (PresDa01),QB,39.8,PresDa01,2020-09-20,33.0,570.0,445.0,125.0,3.0,Sun,1:00PM ET,@,Falcons,17.6,,,383.0,299.0,84.0,485.0,391.0,94.0,329.0,193.0,136.0
4,DAL,LAR,Dak Prescott (PresDa01),QB,17.6,PresDa01,2020-09-13,24.0,380.0,244.0,136.0,0.0,Sun,8:20PM ET,home,Rams,,,,484.0,296.0,188.0,278.0,142.0,136.0,214.0,166.0,48.0
5,LVR,LAC,Marcus Mariota (MariMa01),QB,26.8,MariMa01,2020-12-17,27.0,449.0,276.0,173.0,1.0,Thu,8:20PM ET,@,Chargers,,,,319.0,249.0,70.0,291.0,126.0,165.0,332.0,160.0,172.0
6,ARI,SFO,Kyler Murray (MurrKy00),QB,16.4,MurrKy00,2020-12-26,20.0,350.0,230.0,120.0,2.0,Sat,4:30PM ET,@,Niners,34.1,18.5,17.4,291.0,204.0,87.0,193.0,95.0,98.0,449.0,368.0,81.0
7,ARI,PHI,Kyler Murray (MurrKy00),QB,34.1,MurrKy00,2020-12-20,26.0,526.0,423.0,103.0,3.0,Sun,4:05PM ET,@,Eagles,18.5,17.4,8.9,358.0,262.0,96.0,437.0,288.0,149.0,301.0,225.0,76.0
8,ARI,NYG,Kyler Murray (MurrKy00),QB,18.5,MurrKy00,2020-12-13,22.0,390.0,231.0,159.0,0.0,Sun,1:00PM ET,home,Giants,17.4,8.9,20.3,327.0,216.0,111.0,155.0,115.0,40.0,346.0,190.0,156.0
9,ARI,LAR,Kyler Murray (MurrKy00),QB,17.4,MurrKy00,2020-12-06,18.0,232.0,140.0,92.0,2.0,Sun,4:05PM ET,@,Rams,8.9,20.3,30.9,345.0,233.0,112.0,251.0,209.0,42.0,333.0,220.0,113.0
10,ARI,NWE,Kyler Murray (MurrKy00),QB,8.9,MurrKy00,2020-11-29,23.0,298.0,160.0,138.0,1.0,Sun,1:00PM ET,home,Patriots,20.3,30.9,37.9,399.0,344.0,55.0,357.0,242.0,115.0,322.0,257.0,65.0
11,ARI,SEA,Kyler Murray (MurrKy00),QB,20.3,MurrKy00,2020-11-19,24.0,314.0,257.0,57.0,0.0,Thu,8:20PM ET,home,Seahawks,30.9,37.9,38.1,389.0,283.0,106.0,420.0,386.0,34.0,351.0,299.0,52.0
12,ARI,BUF,Kyler Murray (MurrKy00),QB,30.9,MurrKy00,2020-11-15,26.0,453.0,236.0,217.0,2.0,Sun,4:05PM ET,@,Bills,37.9,38.1,28.9,419.0,362.0,57.0,349.0,161.0,188.0,191.0,91.0,100.0
13,ARI,MIA,Kyler Murray (MurrKy00),QB,37.9,MurrKy00,2020-11-08,26.0,442.0,264.0,178.0,1.0,Sun,4:25PM ET,@,Dolphins,38.1,28.9,27.3,471.0,340.0,131.0,263.0,148.0,115.0,259.0,128.0,131.0
14,ARI,SEA,Kyler Murray (MurrKy00),QB,38.1,MurrKy00,2020-10-25,31.0,519.0,360.0,159.0,2.0,Sun,8:20PM ET,@,Seahawks,28.9,27.3,23.1,449.0,248.0,201.0,415.0,312.0,103.0,522.0,461.0,61.0
15,ARI,DAL,Kyler Murray (MurrKy00),QB,28.9,MurrKy00,2020-10-19,22.0,438.0,177.0,261.0,0.0,Mon,8:15PM ET,home,Cowboys,27.3,23.1,24.7,300.0,211.0,89.0,508.0,201.0,307.0,412.0,295.0,117.0
16,ARI,NYJ,Kyler Murray (MurrKy00),QB,27.3,MurrKy00,2020-10-11,28.0,496.0,369.0,127.0,1.0,Sun,1:00PM ET,home,Jets,23.1,24.7,33.1,359.0,242.0,117.0,353.0,234.0,119.0,359.0,177.0,182.0
17,ARI,CAR,Kyler Murray (MurrKy00),QB,23.1,MurrKy00,2020-10-04,21.0,262.0,133.0,129.0,1.0,Sun,1:00PM ET,home,Panthers,24.7,33.1,27.3,436.0,319.0,117.0,339.0,217.0,122.0,372.0,239.0,133.0
18,ARI,DET,Kyler Murray (MurrKy00),QB,24.7,MurrKy00,2020-09-27,28.0,377.0,268.0,109.0,3.0,Sun,4:25PM ET,@,Lions,33.1,27.3,,488.0,229.0,259.0,363.0,214.0,149.0,508.0,383.0,125.0
19,ARI,WAS,Kyler Murray (MurrKy00),QB,33.1,MurrKy00,2020-09-20,22.0,438.0,278.0,160.0,1.0,Sun,4:05PM ET,@,Redskins,27.3,,,265.0,208.0,57.0,507.0,365.0,142.0,216.0,98.0,118.0
20,ARI,SFO,Kyler Murray (MurrKy00),QB,27.3,MurrKy00,2020-09-13,29.0,404.0,224.0,180.0,1.0,Sun,4:25PM ET,home,Niners,,,,280.0,159.0,121.0,348.0,223.0,125.0,395.0,323.0,72.0
21,BUF,NWE,Josh Allen (AlleJo02),QB,32.3,AlleJo02,2020-12-28,31.0,474.0,344.0,130.0,0.0,Mon,8:15PM ET,home,Patriots,37.7,19.3,30.1,383.0,133.0,250.0,318.0,132.0,186.0,258.0,188.0,70.0
22,BUF,DEN,Josh Allen (AlleJo02),QB,37.7,AlleJo02,2020-12-19,29.0,534.0,352.0,182.0,1.0,Sat,4:30PM ET,home,Broncos,19.3,30.1,16.5,370.0,245.0,125.0,447.0,313.0,134.0,292.0,63.0,229.0
23,BUF,PIT,Josh Allen (AlleJo02),QB,19.3,AlleJo02,2020-12-13,21.0,334.0,230.0,104.0,2.0,Sun,8:20PM ET,@,Steelers,30.1,16.5,28.9,318.0,273.0,45.0,219.0,90.0,129.0,206.0,133.0,73.0
24,BUF,SFO,Josh Allen (AlleJo02),QB,30.1,AlleJo02,2020-12-07,31.0,449.0,368.0,81.0,1.0,Mon,8:15PM ET,home,Niners,16.5,28.9,36.0,308.0,182.0,126.0,237.0,123.0,114.0,405.0,294.0,111.0
25,BUF,LAC,Josh Allen (AlleJo02),QB,16.5,AlleJo02,2020-11-29,23.0,332.0,160.0,172.0,3.0,Sun,1:00PM ET,@,Chargers,28.9,36.0,13.5,292.0,196.0,96.0,280.0,169.0,111.0,320.0,160.0,160.0
26,BUF,ARI,Josh Allen (AlleJo02),QB,28.9,AlleJo02,2020-11-15,22.0,369.0,296.0,73.0,2.0,Sun,4:05PM ET,home,Cardinals,36.0,13.5,16.4,312.0,221.0,91.0,572.0,372.0,200.0,344.0,247.0,97.0
27,BUF,SEA,Josh Allen (AlleJo02),QB,36.0,AlleJo02,2020-11-08,27.0,420.0,386.0,34.0,0.0,Sun,1:00PM ET,@,Seahawks,13.5,16.4,16.1,351.0,299.0,52.0,519.0,360.0,159.0,449.0,248.0,201.0
28,BUF,NWE,Josh Allen (AlleJo02),QB,13.5,AlleJo02,2020-11-01,22.0,339.0,149.0,190.0,1.0,Sun,1:00PM ET,@,Patriots,16.4,16.1,18.3,467.0,270.0,197.0,299.0,164.0,135.0,323.0,229.0,94.0
29,BUF,NYJ,Josh Allen (AlleJo02),QB,16.4,AlleJo02,2020-10-25,26.0,422.0,296.0,126.0,1.0,Sun,1:00PM ET,home,Jets,16.1,18.3,25.4,302.0,192.0,110.0,496.0,369.0,127.0,359.0,242.0,117.0
30,BUF,KAN,Josh Allen (AlleJo02),QB,16.1,AlleJo02,2020-10-19,20.0,206.0,122.0,84.0,1.0,Mon,5:00PM ET,@,Chiefs,18.3,25.4,32.2,490.0,346.0,144.0,357.0,172.0,185.0,228.0,70.0,158.0
31,BUF,TEN,Josh Allen (AlleJo02),QB,18.3,AlleJo02,2020-10-13,23.0,370.0,275.0,95.0,3.0,Tue,7:00PM ET,home,Titans,25.4,32.2,34.5,464.0,238.0,226.0,480.0,315.0,165.0,323.0,216.0,107.0
32,BUF,LVR,Josh Allen (AlleJo02),QB,25.4,AlleJo02,2020-10-04,21.0,337.0,274.0,63.0,0.0,Sun,4:25PM ET,home,Raiders,32.2,34.5,28.2,406.0,156.0,250.0,424.0,312.0,112.0,388.0,259.0,129.0
33,BUF,LAR,Josh Allen (AlleJo02),QB,32.2,AlleJo02,2020-09-27,23.0,375.0,274.0,101.0,2.0,Sun,1:00PM ET,@,Rams,34.5,28.2,,363.0,242.0,121.0,380.0,244.0,136.0,484.0,296.0,188.0
34,BUF,MIA,Josh Allen (AlleJo02),QB,34.5,AlleJo02,2020-09-20,23.0,523.0,411.0,112.0,1.0,Sun,1:00PM ET,home,Dolphins,28.2,,,357.0,140.0,217.0,455.0,377.0,78.0,352.0,217.0,135.0
35,BUF,NYJ,Josh Allen (AlleJo02),QB,28.2,AlleJo02,2020-09-13,31.0,404.0,306.0,98.0,2.0,Sun,1:00PM ET,@,Jets,,,,404.0,238.0,166.0,309.0,236.0,73.0,260.0,185.0,75.0
36,KAN,ATL,Patrick Mahomes (MahoPa00),QB,20.2,MahoPa00,2020-12-27,23.0,395.0,278.0,117.0,2.0,Sun,1:00PM ET,@,Falcons,25.9,21.6,19.3,416.0,365.0,51.0,345.0,240.0,105.0,424.0,217.0,207.0
37,KAN,NOR,Patrick Mahomes (MahoPa00),QB,25.9,MahoPa00,2020-12-20,34.0,411.0,232.0,179.0,1.0,Sun,4:25PM ET,home,Saints,21.6,19.3,31.3,413.0,167.0,246.0,332.0,262.0,70.0,112.0,12.0,100.0
38,KAN,MIA,Patrick Mahomes (MahoPa00),QB,21.6,MahoPa00,2020-12-13,22.0,448.0,354.0,94.0,4.0,Sun,1:00PM ET,home,Dolphins,19.3,31.3,22.5,196.0,156.0,40.0,260.0,173.0,87.0,459.0,270.0,189.0
39,KAN,DEN,Patrick Mahomes (MahoPa00),QB,19.3,MahoPa00,2020-12-06,25.0,447.0,313.0,134.0,0.0,Sun,8:20PM ET,@,Broncos,31.3,22.5,31.5,292.0,63.0,229.0,223.0,167.0,56.0,357.0,154.0,203.0
40,KAN,TAM,Patrick Mahomes (MahoPa00),QB,31.3,MahoPa00,2020-11-29,26.0,543.0,456.0,87.0,1.0,Sun,4:25PM ET,home,Bucs,22.5,31.5,36.6,413.0,376.0,37.0,187.0,122.0,65.0,420.0,282.0,138.0
41,KAN,LVR,Patrick Mahomes (MahoPa00),QB,22.5,MahoPa00,2020-11-22,36.0,460.0,352.0,108.0,1.0,Sun,8:20PM ET,home,Raiders,31.5,36.6,12.0,313.0,247.0,66.0,440.0,312.0,128.0,223.0,122.0,101.0
42,KAN,CAR,Patrick Mahomes (MahoPa00),QB,31.5,MahoPa00,2020-11-08,24.0,397.0,361.0,36.0,1.0,Sun,1:00PM ET,@,Panthers,36.6,12.0,20.6,401.0,270.0,131.0,415.0,277.0,138.0,261.0,198.0,63.0
43,KAN,NYJ,Patrick Mahomes (MahoPa00),QB,36.6,MahoPa00,2020-11-01,25.0,496.0,446.0,50.0,0.0,Sun,1:00PM ET,@,Jets,12.0,20.6,30.7,422.0,296.0,126.0,302.0,192.0,110.0,496.0,369.0,127.0
44,KAN,DEN,Patrick Mahomes (MahoPa00),QB,12.0,MahoPa00,2020-10-25,17.0,286.0,185.0,101.0,1.0,Sun,4:25PM ET,home,Broncos,20.6,30.7,20.2,288.0,171.0,117.0,321.0,192.0,129.0,353.0,285.0,68.0
45,KAN,BUF,Patrick Mahomes (MahoPa00),QB,20.6,MahoPa00,2020-10-19,27.0,466.0,221.0,245.0,1.0,Mon,5:00PM ET,home,Bills,30.7,20.2,40.0,334.0,195.0,139.0,383.0,297.0,86.0,478.0,311.0,167.0
46,KAN,LVR,Patrick Mahomes (MahoPa00),QB,30.7,MahoPa00,2020-10-11,21.0,413.0,333.0,80.0,1.0,Sun,1:00PM ET,@,Raiders,20.2,40.0,27.5,337.0,274.0,63.0,406.0,156.0,250.0,424.0,312.0,112.0
47,KAN,NWE,Patrick Mahomes (MahoPa00),QB,20.2,MahoPa00,2020-10-05,19.0,323.0,229.0,94.0,1.0,Mon,7:05PM ET,@,Patriots,40.0,27.5,20.4,375.0,249.0,126.0,429.0,275.0,154.0,269.0,182.0,87.0
48,KAN,BAL,Patrick Mahomes (MahoPa00),QB,40.0,MahoPa00,2020-09-28,29.0,517.0,385.0,132.0,1.0,Mon,8:15PM ET,home,Ravens,27.5,20.4,,304.0,253.0,51.0,306.0,168.0,138.0,220.0,188.0,32.0
49,KAN,LAC,Patrick Mahomes (MahoPa00),QB,27.5,MahoPa00,2020-09-20,23.0,414.0,289.0,125.0,0.0,Sun,4:25PM ET,home,Chargers,20.4,,,295.0,173.0,122.0,268.0,217.0,51.0,336.0,174.0,162.0
50,KAN,HOU,Patrick Mahomes (MahoPa00),QB,20.4,MahoPa00,2020-09-10,28.0,369.0,203.0,166.0,0.0,Thu,8:20PM ET,@,Texans,,,,492.0,204.0,288.0,467.0,222.0,245.0,435.0,329.0,106.0
51,GNB,TEN,Aaron Rodgers (RodgAa00),QB,26.1,RodgAa00,2020-12-27,27.0,448.0,214.0,234.0,1.0,Sun,8:20PM ET,@,Titans,18.3,30.9,23.5,430.0,307.0,123.0,354.0,263.0,91.0,458.0,340.0,118.0
52,GNB,CAR,Aaron Rodgers (RodgAa00),QB,18.3,RodgAa00,2020-12-19,20.0,291.0,96.0,195.0,0.0,Sat,8:15PM ET,@,Panthers,30.9,23.5,25.6,365.0,269.0,96.0,387.0,291.0,96.0,185.0,145.0,40.0
53,GNB,DET,Aaron Rodgers (RodgAa00),QB,30.9,RodgAa00,2020-12-13,26.0,410.0,290.0,120.0,0.0,Sun,4:25PM ET,home,Lions,23.5,25.6,22.7,389.0,249.0,140.0,384.0,307.0,77.0,374.0,258.0,116.0
54,GNB,PHI,Aaron Rodgers (RodgAa00),QB,23.5,RodgAa00,2020-12-06,20.0,437.0,288.0,149.0,0.0,Sun,4:25PM ET,@,Eagles,25.6,22.7,26.4,301.0,225.0,76.0,324.0,187.0,137.0,382.0,231.0,151.0
55,GNB,CHI,Aaron Rodgers (RodgAa00),QB,25.6,RodgAa00,2020-11-29,28.0,393.0,211.0,182.0,0.0,Sun,8:20PM ET,@,Bears,22.7,26.4,28.9,385.0,286.0,99.0,228.0,136.0,92.0,394.0,272.0,122.0
56,GNB,IND,Aaron Rodgers (RodgAa00),QB,22.7,RodgAa00,2020-11-22,21.0,367.0,301.0,66.0,4.0,Sun,4:25PM ET,home,Colts,26.4,28.9,22.5,294.0,137.0,157.0,266.0,156.0,110.0,326.0,297.0,29.0
57,GNB,JAX,Aaron Rodgers (RodgAa00),QB,26.4,RodgAa00,2020-11-15,16.0,395.0,315.0,80.0,2.0,Sun,1:00PM ET,@,Jaguars,28.9,22.5,27.3,374.0,267.0,107.0,484.0,349.0,135.0,403.0,223.0,180.0
58,GNB,SFO,Aaron Rodgers (RodgAa00),QB,28.9,RodgAa00,2020-11-05,21.0,405.0,294.0,111.0,0.0,Thu,8:20PM ET,home,Niners,22.5,27.3,5.8,350.0,249.0,101.0,241.0,147.0,94.0,311.0,198.0,113.0
59,GNB,MIN,Aaron Rodgers (RodgAa00),QB,22.5,RodgAa00,2020-11-01,24.0,400.0,291.0,109.0,1.0,Sun,1:00PM ET,@,Vikings,27.3,5.8,29.6,462.0,363.0,99.0,314.0,190.0,124.0,386.0,290.0,96.0
60,GNB,HOU,Aaron Rodgers (RodgAa00),QB,27.3,RodgAa00,2020-10-25,22.0,379.0,283.0,96.0,0.0,Sun,1:00PM ET,home,Texans,5.8,29.6,24.5,607.0,344.0,263.0,364.0,289.0,75.0,410.0,248.0,162.0
61,GNB,TAM,Aaron Rodgers (RodgAa00),QB,5.8,RodgAa00,2020-10-18,13.0,201.0,107.0,94.0,2.0,Sun,4:25PM ET,home,Bucs,29.6,24.5,18.7,243.0,208.0,35.0,324.0,278.0,46.0,226.0,184.0,42.0
62,GNB,ATL,Aaron Rodgers (RodgAa00),QB,29.6,RodgAa00,2020-10-05,22.0,403.0,315.0,88.0,0.0,Mon,8:15PM ET,@,Falcons,24.5,18.7,30.8,437.0,307.0,130.0,570.0,445.0,125.0,383.0,299.0,84.0
63,GNB,NOR,Aaron Rodgers (RodgAa00),QB,24.5,RodgAa00,2020-09-27,24.0,369.0,271.0,98.0,0.0,Sun,8:20PM ET,home,Saints,18.7,30.8,,377.0,261.0,116.0,310.0,224.0,86.0,316.0,189.0,127.0
64,GNB,DET,Aaron Rodgers (RodgAa00),QB,18.7,RodgAa00,2020-09-20,26.0,488.0,229.0,259.0,0.0,Sun,1:00PM ET,@,Lions,30.8,,,363.0,214.0,149.0,508.0,383.0,125.0,432.0,312.0,120.0
65,GNB,MIN,Aaron Rodgers (RodgAa00),QB,30.8,RodgAa00,2020-09-13,31.0,522.0,364.0,158.0,0.0,Sun,1:00PM ET,home,Vikings,,,,417.0,288.0,129.0,337.0,179.0,158.0,383.0,199.0,184.0
66,SEA,LAR,Russell Wilson (WilsRu00),QB,19.9,WilsRu00,2020-12-27,15.0,292.0,197.0,95.0,0.0,Sun,4:25PM ET,@,Rams,13.0,23.1,16.0,289.0,196.0,93.0,220.0,113.0,107.0,232.0,140.0,92.0
67,SEA,WAS,Russell Wilson (WilsRu00),QB,13.0,WilsRu00,2020-12-20,16.0,302.0,121.0,181.0,1.0,Sun,1:00PM ET,home,Redskins,23.1,16.0,14.4,344.0,236.0,108.0,326.0,305.0,21.0,247.0,187.0,60.0
68,SEA,NYJ,Russell Wilson (WilsRu00),QB,23.1,WilsRu00,2020-12-13,28.0,410.0,236.0,174.0,1.0,Sun,4:05PM ET,@,Jets,16.0,14.4,20.1,440.0,368.0,72.0,345.0,241.0,104.0,376.0,347.0,29.0
69,SEA,NYG,Russell Wilson (WilsRu00),QB,16.0,WilsRu00,2020-12-06,21.0,327.0,216.0,111.0,2.0,Sun,4:05PM ET,@,Giants,14.4,20.1,11.9,155.0,115.0,40.0,346.0,190.0,156.0,402.0,365.0,37.0
70,SEA,PHI,Russell Wilson (WilsRu00),QB,14.4,WilsRu00,2020-11-30,20.0,301.0,225.0,76.0,0.0,Mon,8:15PM ET,home,Eagles,20.1,11.9,24.1,324.0,187.0,137.0,382.0,231.0,151.0,265.0,132.0,133.0
71,SEA,ARI,Russell Wilson (WilsRu00),QB,20.1,WilsRu00,2020-11-19,22.0,347.0,182.0,165.0,0.0,Thu,8:20PM ET,@,Cardinals,11.9,24.1,28.7,369.0,296.0,73.0,312.0,221.0,91.0,572.0,372.0,200.0
72,SEA,LAR,Russell Wilson (WilsRu00),QB,11.9,WilsRu00,2020-11-15,20.0,333.0,220.0,113.0,3.0,Sun,4:25PM ET,home,Rams,24.1,28.7,32.9,145.0,90.0,55.0,279.0,230.0,49.0,390.0,268.0,122.0
73,SEA,BUF,Russell Wilson (WilsRu00),QB,24.1,WilsRu00,2020-11-08,22.0,419.0,362.0,57.0,4.0,Sun,1:00PM ET,home,Bills,28.7,32.9,25.5,349.0,161.0,188.0,191.0,91.0,100.0,466.0,221.0,245.0
74,SEA,SFO,Russell Wilson (WilsRu00),QB,28.7,WilsRu00,2020-11-01,27.0,350.0,249.0,101.0,0.0,Sun,4:25PM ET,@,Niners,32.9,25.5,21.9,241.0,147.0,94.0,311.0,198.0,113.0,436.0,342.0,94.0
75,SEA,ARI,Russell Wilson (WilsRu00),QB,32.9,WilsRu00,2020-10-25,33.0,572.0,372.0,200.0,3.0,Sun,8:20PM ET,home,Cardinals,25.5,21.9,36.8,344.0,247.0,97.0,285.0,162.0,123.0,444.0,276.0,168.0
76,SEA,MIN,Russell Wilson (WilsRu00),QB,25.5,WilsRu00,2020-10-11,18.0,314.0,190.0,124.0,1.0,Sun,8:20PM ET,@,Vikings,21.9,36.8,34.4,386.0,290.0,96.0,444.0,310.0,134.0,354.0,203.0,151.0
77,SEA,MIA,Russell Wilson (WilsRu00),QB,21.9,WilsRu00,2020-10-04,26.0,441.0,343.0,98.0,1.0,Sun,1:00PM ET,home,Dolphins,36.8,34.4,31.8,318.0,246.0,72.0,523.0,411.0,112.0,357.0,140.0,217.0
78,SEA,DAL,Russell Wilson (WilsRu00),QB,36.8,WilsRu00,2020-09-27,23.0,412.0,295.0,117.0,1.0,Sun,4:25PM ET,@,Cowboys,34.4,31.8,,380.0,267.0,113.0,422.0,269.0,153.0,336.0,211.0,125.0
79,SEA,NWE,Russell Wilson (WilsRu00),QB,34.4,WilsRu00,2020-09-20,22.0,429.0,275.0,154.0,1.0,Sun,8:20PM ET,@,Patriots,31.8,,,269.0,182.0,87.0,350.0,239.0,111.0,389.0,326.0,63.0
80,SEA,ATL,Russell Wilson (WilsRu00),QB,31.8,WilsRu00,2020-09-13,22.0,383.0,299.0,84.0,0.0,Sun,1:00PM ET,home,Falcons,,,,485.0,391.0,94.0,329.0,193.0,136.0,288.0,173.0,115.0
81,HOU,CIN,Deshaun Watson (WatsDe00),QB,26.8,WatsDe00,2020-12-27,23.0,488.0,322.0,166.0,1.0,Sun,1:00PM ET,@,Bengals,23.4,16.6,20.4,244.0,158.0,86.0,272.0,171.0,101.0,406.0,296.0,110.0
82,HOU,IND,Deshaun Watson (WatsDe00),QB,23.4,WatsDe00,2020-12-20,22.0,425.0,342.0,83.0,2.0,Sun,1:00PM ET,home,Colts,16.6,20.4,33.1,424.0,345.0,79.0,398.0,308.0,90.0,449.0,220.0,229.0
83,HOU,CHI,Deshaun Watson (WatsDe00),QB,16.6,WatsDe00,2020-12-13,17.0,263.0,155.0,108.0,2.0,Sun,1:00PM ET,home,Bears,20.4,33.1,31.4,460.0,400.0,60.0,393.0,211.0,182.0,385.0,286.0,99.0
84,HOU,IND,Deshaun Watson (WatsDe00),QB,20.4,WatsDe00,2020-12-06,20.0,398.0,308.0,90.0,2.0,Sun,1:00PM ET,@,Colts,33.1,31.4,14.1,449.0,220.0,229.0,367.0,301.0,66.0,294.0,137.0,157.0
85,HOU,DET,Deshaun Watson (WatsDe00),QB,33.1,WatsDe00,2020-11-26,21.0,384.0,307.0,77.0,1.0,Thu,12:30PM ET,home,Lions,31.4,14.1,24.2,374.0,258.0,116.0,464.0,375.0,89.0,487.0,212.0,275.0
86,HOU,NWE,Deshaun Watson (WatsDe00),QB,31.4,WatsDe00,2020-11-22,21.0,399.0,344.0,55.0,0.0,Sun,1:00PM ET,@,Patriots,14.1,24.2,24.2,357.0,242.0,115.0,322.0,257.0,65.0,339.0,149.0,190.0
87,HOU,CLE,Deshaun Watson (WatsDe00),QB,14.1,WatsDe00,2020-11-15,16.0,243.0,153.0,90.0,0.0,Sun,1:00PM ET,home,Browns,24.2,24.2,32.0,309.0,100.0,209.0,468.0,387.0,81.0,277.0,148.0,129.0
88,HOU,JAX,Deshaun Watson (WatsDe00),QB,24.2,WatsDe00,2020-11-08,19.0,374.0,267.0,107.0,1.0,Sun,1:00PM ET,home,Jaguars,24.2,32.0,26.9,484.0,349.0,135.0,403.0,223.0,180.0,486.0,357.0,129.0
89,HOU,GNB,Deshaun Watson (WatsDe00),QB,24.2,WatsDe00,2020-10-25,20.0,365.0,286.0,79.0,1.0,Sun,1:00PM ET,@,Packers,32.0,26.9,20.9,324.0,166.0,158.0,327.0,249.0,78.0,397.0,275.0,122.0
90,HOU,TEN,Deshaun Watson (WatsDe00),QB,32.0,WatsDe00,2020-10-18,25.0,412.0,320.0,92.0,0.0,Sun,1:00PM ET,home,Titans,26.9,20.9,18.1,370.0,275.0,95.0,464.0,238.0,226.0,480.0,315.0,165.0
91,HOU,JAX,Deshaun Watson (WatsDe00),QB,26.9,WatsDe00,2020-10-11,24.0,486.0,357.0,129.0,2.0,Sun,1:00PM ET,@,Jaguars,20.9,18.1,15.7,505.0,300.0,205.0,294.0,156.0,138.0,354.0,231.0,123.0
92,HOU,MIN,Deshaun Watson (WatsDe00),QB,20.9,WatsDe00,2020-10-04,20.0,386.0,290.0,96.0,1.0,Sun,1:00PM ET,@,Vikings,18.1,15.7,21.8,444.0,310.0,134.0,354.0,203.0,151.0,522.0,364.0,158.0
93,HOU,PIT,Deshaun Watson (WatsDe00),QB,18.1,WatsDe00,2020-09-27,13.0,260.0,231.0,29.0,1.0,Sun,1:00PM ET,home,Steelers,15.7,21.8,,319.0,215.0,104.0,291.0,262.0,29.0,390.0,263.0,127.0
94,HOU,BAL,Deshaun Watson (WatsDe00),QB,15.7,WatsDe00,2020-09-20,18.0,304.0,253.0,51.0,2.0,Sun,4:25PM ET,@,Ravens,21.8,,,306.0,168.0,138.0,220.0,188.0,32.0,209.0,158.0,51.0
95,HOU,KAN,Deshaun Watson (WatsDe00),QB,21.8,WatsDe00,2020-09-10,21.0,360.0,242.0,118.0,1.0,Thu,8:20PM ET,home,Chiefs,,,,340.0,195.0,145.0,363.0,234.0,129.0,308.0,196.0,112.0
96,BAL,NYG,Lamar Jackson (JackLa00),QB,21.3,JackLa00,2020-12-27,25.0,432.0,183.0,249.0,1.0,Sun,1:00PM ET,@,Giants,30.2,34.9,26.7,392.0,286.0,106.0,390.0,231.0,159.0,327.0,216.0,111.0
97,BAL,JAX,Lamar Jackson (JackLa00),QB,30.2,JackLa00,2020-12-20,26.0,409.0,250.0,159.0,1.0,Sun,1:00PM ET,@,Jaguars,34.9,26.7,17.5,454.0,205.0,249.0,420.0,275.0,145.0,459.0,252.0,207.0
98,BAL,CLE,Lamar Jackson (JackLa00),QB,34.9,JackLa00,2020-12-14,25.0,385.0,154.0,231.0,0.0,Mon,8:15PM ET,home,Browns,26.7,17.5,22.5,431.0,369.0,62.0,375.0,235.0,140.0,315.0,209.0,106.0
99,BAL,DAL,Lamar Jackson (JackLa00),QB,26.7,JackLa00,2020-12-08,19.0,401.0,107.0,294.0,1.0,Tue,8:05PM ET,@,Cowboys,17.5,22.5,18.6,338.0,156.0,182.0,430.0,305.0,125.0,355.0,309.0,46.0
100,BAL,TEN,Lamar Jackson (JackLa00),QB,17.5,JackLa00,2020-11-22,21.0,306.0,177.0,129.0,1.0,Sun,1:00PM ET,@,Titans,22.5,18.6,16.8,430.0,297.0,133.0,375.0,319.0,56.0,367.0,249.0,118.0
101,BAL,NWE,Lamar Jackson (JackLa00),QB,22.5,JackLa00,2020-11-15,19.0,357.0,242.0,115.0,1.0,Sun,8:20PM ET,home,Patriots,18.6,16.8,28.2,322.0,257.0,65.0,339.0,149.0,190.0,467.0,270.0,197.0
102,BAL,IND,Lamar Jackson (JackLa00),QB,18.6,JackLa00,2020-11-08,19.0,266.0,156.0,110.0,1.0,Sun,1:00PM ET,home,Colts,16.8,28.2,14.5,326.0,297.0,29.0,398.0,300.0,98.0,385.0,261.0,124.0
103,BAL,PIT,Lamar Jackson (JackLa00),QB,16.8,JackLa00,2020-11-01,25.0,457.0,192.0,265.0,4.0,Sun,1:00PM ET,@,Steelers,28.2,14.5,26.0,292.0,210.0,82.0,220.0,145.0,75.0,336.0,242.0,94.0
104,BAL,PHI,Lamar Jackson (JackLa00),QB,28.2,JackLa00,2020-10-18,17.0,355.0,173.0,182.0,0.0,Sun,1:00PM ET,home,Eagles,14.5,26.0,14.2,367.0,231.0,136.0,417.0,301.0,116.0,304.0,256.0,48.0
105,BAL,CIN,Lamar Jackson (JackLa00),QB,14.5,JackLa00,2020-10-11,17.0,332.0,171.0,161.0,1.0,Sun,1:00PM ET,@,Bengals,26.0,14.2,17.6,429.0,340.0,89.0,378.0,206.0,172.0,434.0,219.0,215.0
106,BAL,WAS,Lamar Jackson (JackLa00),QB,26.0,JackLa00,2020-10-04,18.0,350.0,206.0,144.0,2.0,Sun,1:00PM ET,home,Redskins,14.2,17.6,27.5,300.0,142.0,158.0,438.0,278.0,160.0,265.0,208.0,57.0
107,BAL,KAN,Lamar Jackson (JackLa00),QB,14.2,JackLa00,2020-09-28,16.0,228.0,70.0,158.0,1.0,Mon,8:15PM ET,@,Chiefs,17.6,27.5,,479.0,296.0,183.0,360.0,242.0,118.0,340.0,195.0,145.0
108,BAL,HOU,Lamar Jackson (JackLa00),QB,17.6,JackLa00,2020-09-20,23.0,407.0,177.0,230.0,0.0,Sun,4:25PM ET,home,Texans,27.5,,,369.0,203.0,166.0,492.0,204.0,288.0,467.0,222.0,245.0
109,BAL,CLE,Lamar Jackson (JackLa00),QB,27.5,JackLa00,2020-09-13,23.0,381.0,270.0,111.0,1.0,Sun,1:00PM ET,@,Browns,,,,438.0,315.0,123.0,553.0,501.0,52.0,394.0,309.0,85.0
110,LAC,DEN,Justin Herbert (HerbJu00),QB,16.7,HerbJu00,2020-12-27,16.0,316.0,227.0,89.0,0.0,Sun,4:05PM ET,@,Broncos,28.0,16.7,6.4,534.0,352.0,182.0,370.0,245.0,125.0,447.0,313.0,134.0
111,LAC,LVR,Justin Herbert (HerbJu00),QB,28.0,HerbJu00,2020-12-17,27.0,402.0,306.0,96.0,0.0,Thu,8:20PM ET,home,Raiders,16.7,6.4,17.4,456.0,244.0,212.0,376.0,170.0,206.0,304.0,179.0,125.0
112,LAC,ATL,Justin Herbert (HerbJu00),QB,16.7,HerbJu00,2020-12-13,23.0,345.0,240.0,105.0,1.0,Sun,4:25PM ET,@,Falcons,6.4,17.4,27.7,424.0,217.0,207.0,243.0,203.0,40.0,376.0,210.0,166.0
113,LAC,NWE,Justin Herbert (HerbJu00),QB,6.4,HerbJu00,2020-12-06,17.0,258.0,188.0,70.0,2.0,Sun,4:25PM ET,@,Patriots,17.4,27.7,21.5,298.0,160.0,138.0,399.0,344.0,55.0,357.0,242.0,115.0
114,LAC,BUF,Justin Herbert (HerbJu00),QB,17.4,HerbJu00,2020-11-29,24.0,367.0,291.0,76.0,1.0,Sun,1:00PM ET,home,Bills,27.7,21.5,23.4,453.0,236.0,217.0,419.0,362.0,57.0,349.0,161.0,188.0
115,LAC,NYJ,Justin Herbert (HerbJu00),QB,27.7,HerbJu00,2020-11-22,28.0,376.0,347.0,29.0,1.0,Sun,4:05PM ET,@,Jets,21.5,23.4,23.2,433.0,274.0,159.0,496.0,446.0,50.0,422.0,296.0,126.0
116,LAC,MIA,Justin Herbert (HerbJu00),QB,21.5,HerbJu00,2020-11-15,19.0,273.0,174.0,99.0,1.0,Sun,4:05PM ET,home,Dolphins,23.4,23.2,38.5,442.0,264.0,178.0,471.0,340.0,131.0,263.0,148.0,115.0
117,LAC,LVR,Justin Herbert (HerbJu00),QB,23.4,HerbJu00,2020-11-08,26.0,440.0,312.0,128.0,1.0,Sun,4:05PM ET,@,Raiders,23.2,38.5,27.4,223.0,122.0,101.0,454.0,369.0,85.0,413.0,333.0,80.0
118,LAC,DEN,Justin Herbert (HerbJu00),QB,23.2,HerbJu00,2020-11-01,28.0,485.0,275.0,210.0,2.0,Sun,4:05PM ET,home,Broncos,38.5,27.4,24.0,286.0,185.0,101.0,288.0,171.0,117.0,321.0,192.0,129.0
119,LAC,JAX,Justin Herbert (HerbJu00),QB,38.5,HerbJu00,2020-10-25,29.0,484.0,349.0,135.0,0.0,Sun,4:25PM ET,@,Jaguars,27.4,24.0,15.7,403.0,223.0,180.0,486.0,357.0,129.0,505.0,300.0,205.0
120,LAC,NOR,Justin Herbert (HerbJu00),QB,27.4,HerbJu00,2020-10-12,19.0,350.0,239.0,111.0,0.0,Mon,8:15PM ET,home,Saints,24.0,15.7,23.2,281.0,191.0,90.0,369.0,271.0,98.0,377.0,261.0,116.0
121,LAC,TAM,Justin Herbert (HerbJu00),QB,24.0,HerbJu00,2020-10-04,15.0,324.0,278.0,46.0,2.0,Sun,1:00PM ET,home,Bucs,15.7,23.2,,226.0,184.0,42.0,427.0,340.0,87.0,271.0,189.0,82.0
122,LAC,CAR,Justin Herbert (HerbJu00),QB,15.7,HerbJu00,2020-09-27,26.0,436.0,319.0,117.0,4.0,Sun,4:05PM ET,@,Panthers,23.2,,,339.0,217.0,122.0,372.0,239.0,133.0,347.0,191.0,156.0
123,LAC,KAN,Justin Herbert (HerbJu00),QB,23.2,HerbJu00,2020-09-20,28.0,479.0,296.0,183.0,1.0,Sun,4:25PM ET,@,Chiefs,,,,360.0,242.0,118.0,340.0,195.0,145.0,363.0,234.0,129.0
124,TEN,GNB,Ryan Tannehill (TannRy00),QB,18.3,TannRy00,2020-12-27,15.0,260.0,104.0,156.0,2.0,Sun,8:20PM ET,home,Packers,37.0,16.5,28.6,364.0,249.0,115.0,293.0,242.0,51.0,278.0,161.0,117.0
125,TEN,DET,Ryan Tannehill (TannRy00),QB,37.0,TannRy00,2020-12-20,28.0,463.0,268.0,195.0,0.0,Sun,1:00PM ET,@,Lions,16.5,28.6,19.1,410.0,290.0,120.0,389.0,249.0,140.0,384.0,307.0,77.0
126,TEN,JAX,Ryan Tannehill (TannRy00),QB,16.5,TannRy00,2020-12-13,25.0,454.0,205.0,249.0,1.0,Sun,1:00PM ET,home,Jaguars,28.6,19.1,22.9,420.0,275.0,145.0,459.0,252.0,207.0,373.0,267.0,106.0
127,TEN,CLE,Ryan Tannehill (TannRy00),QB,28.6,TannRy00,2020-12-06,25.0,431.0,369.0,62.0,3.0,Sun,1:00PM ET,@,Browns,19.1,22.9,10.8,375.0,235.0,140.0,315.0,209.0,106.0,243.0,153.0,90.0
128,TEN,IND,Ryan Tannehill (TannRy00),QB,19.1,TannRy00,2020-11-29,28.0,449.0,220.0,229.0,0.0,Sun,1:00PM ET,home,Colts,22.9,10.8,14.6,367.0,301.0,66.0,294.0,137.0,157.0,266.0,156.0,110.0
129,TEN,BAL,Ryan Tannehill (TannRy00),QB,22.9,TannRy00,2020-11-22,26.0,423.0,250.0,173.0,1.0,Sun,1:00PM ET,home,Ravens,10.8,14.6,18.3,308.0,135.0,173.0,339.0,227.0,112.0,221.0,173.0,48.0
130,TEN,IND,Ryan Tannehill (TannRy00),QB,10.8,TannRy00,2020-11-12,25.0,294.0,137.0,157.0,0.0,Thu,8:20PM ET,@,Colts,14.6,18.3,17.3,266.0,156.0,110.0,326.0,297.0,29.0,398.0,300.0,98.0
131,TEN,CHI,Ryan Tannehill (TannRy00),QB,14.6,TannRy00,2020-11-08,11.0,228.0,136.0,92.0,0.0,Sun,1:00PM ET,@,Bears,18.3,17.3,29.6,394.0,272.0,122.0,371.0,211.0,160.0,303.0,191.0,112.0
132,TEN,CIN,Ryan Tannehill (TannRy00),QB,18.3,TannRy00,2020-11-01,27.0,441.0,223.0,218.0,1.0,Sun,1:00PM ET,home,Bengals,17.3,29.6,30.0,398.0,316.0,82.0,430.0,371.0,59.0,332.0,171.0,161.0
133,TEN,PIT,Ryan Tannehill (TannRy00),QB,17.3,TannRy00,2020-10-25,15.0,292.0,210.0,82.0,0.0,Sun,1:00PM ET,@,Steelers,29.6,30.0,13.2,220.0,145.0,75.0,336.0,242.0,94.0,260.0,231.0,29.0
134,TEN,HOU,Ryan Tannehill (TannRy00),QB,29.6,TannRy00,2020-10-18,31.0,607.0,344.0,263.0,2.0,Sun,1:00PM ET,@,Texans,30.0,13.2,26.8,364.0,289.0,75.0,410.0,248.0,162.0,387.0,218.0,169.0
135,TEN,BUF,Ryan Tannehill (TannRy00),QB,30.0,TannRy00,2020-10-13,25.0,334.0,195.0,139.0,0.0,Tue,7:00PM ET,@,Bills,13.2,26.8,19.4,383.0,297.0,86.0,478.0,311.0,167.0,410.0,311.0,99.0
136,TEN,MIN,Ryan Tannehill (TannRy00),QB,13.2,TannRy00,2020-09-27,23.0,444.0,310.0,134.0,1.0,Sun,1:00PM ET,home,Vikings,26.8,19.4,,354.0,203.0,151.0,522.0,364.0,158.0,417.0,288.0,129.0
137,TEN,JAX,Ryan Tannehill (TannRy00),QB,26.8,TannRy00,2020-09-20,23.0,354.0,231.0,123.0,0.0,Sun,1:00PM ET,@,Jaguars,19.4,,,445.0,357.0,88.0,437.0,164.0,273.0,275.0,143.0,132.0
138,TEN,DEN,Ryan Tannehill (TannRy00),QB,19.4,TannRy00,2020-09-14,26.0,377.0,247.0,130.0,0.0,Mon,10:10PM ET,home,Broncos,,,,465.0,359.0,106.0,477.0,380.0,97.0,191.0,95.0,96.0
139,TAM,DET,Tom Brady (BradTo00),QB,29.9,BradTo00,2020-12-26,30.0,588.0,477.0,111.0,0.0,Sat,1:00PM ET,home,Lions,23.4,15.6,23.7,463.0,268.0,195.0,410.0,290.0,120.0,389.0,249.0,140.0
140,TAM,ATL,Tom Brady (BradTo00),QB,23.4,BradTo00,2020-12-20,27.0,416.0,365.0,51.0,0.0,Sun,1:00PM ET,home,Falcons,15.6,23.7,14.6,345.0,240.0,105.0,424.0,217.0,207.0,243.0,203.0,40.0
141,TAM,MIN,Tom Brady (BradTo00),QB,15.6,BradTo00,2020-12-13,17.0,303.0,196.0,107.0,0.0,Sun,1:00PM ET,@,Vikings,23.7,14.6,31.8,390.0,266.0,124.0,374.0,267.0,107.0,376.0,196.0,180.0
142,TAM,KAN,Tom Brady (BradTo00),QB,23.7,BradTo00,2020-11-29,20.0,417.0,342.0,75.0,2.0,Sun,4:25PM ET,@,Chiefs,14.6,31.8,5.4,364.0,275.0,89.0,435.0,331.0,104.0,221.0,128.0,93.0
143,TAM,LAR,Tom Brady (BradTo00),QB,14.6,BradTo00,2020-11-23,20.0,251.0,209.0,42.0,2.0,Mon,8:15PM ET,@,Rams,31.8,5.4,19.1,333.0,220.0,113.0,145.0,90.0,55.0,279.0,230.0,49.0
144,TAM,CAR,Tom Brady (BradTo00),QB,31.8,BradTo00,2020-11-15,30.0,544.0,334.0,210.0,1.0,Sun,1:00PM ET,home,Panthers,5.4,19.1,36.9,397.0,361.0,36.0,401.0,270.0,131.0,415.0,277.0,138.0
145,TAM,NOR,Tom Brady (BradTo00),QB,5.4,BradTo00,2020-11-08,13.0,194.0,186.0,8.0,3.0,Sun,8:20PM ET,@,Saints,19.1,36.9,14.6,329.0,233.0,96.0,283.0,246.0,37.0,350.0,239.0,111.0
146,TAM,NYG,Tom Brady (BradTo00),QB,19.1,BradTo00,2020-11-02,23.0,344.0,263.0,81.0,1.0,Mon,8:15PM ET,home,Giants,36.9,14.6,14.1,442.0,346.0,96.0,337.0,251.0,86.0,402.0,276.0,126.0
147,TAM,LVR,Tom Brady (BradTo00),QB,36.9,BradTo00,2020-10-25,29.0,454.0,369.0,85.0,0.0,Sun,4:05PM ET,home,Raiders,14.6,14.1,33.5,413.0,333.0,80.0,337.0,274.0,63.0,406.0,156.0,250.0
148,TAM,GNB,Tom Brady (BradTo00),QB,14.6,BradTo00,2020-10-18,21.0,324.0,166.0,158.0,0.0,Sun,4:25PM ET,@,Packers,14.1,33.5,23.9,327.0,249.0,78.0,397.0,275.0,122.0,307.0,218.0,89.0
149,TAM,CHI,Tom Brady (BradTo00),QB,14.1,BradTo00,2020-10-08,18.0,339.0,233.0,106.0,1.0,Thu,8:20PM ET,home,Bears,33.5,23.9,9.7,289.0,186.0,103.0,371.0,227.0,144.0,295.0,220.0,75.0
150,TAM,LAC,Tom Brady (BradTo00),QB,33.5,BradTo00,2020-10-04,28.0,484.0,369.0,115.0,1.0,Sun,1:00PM ET,@,Chargers,23.9,9.7,22.5,302.0,221.0,81.0,414.0,289.0,125.0,295.0,173.0,122.0
151,TAM,DEN,Tom Brady (BradTo00),QB,23.9,BradTo00,2020-09-27,17.0,353.0,285.0,68.0,0.0,Sun,4:25PM ET,home,Broncos,9.7,22.5,,410.0,301.0,109.0,377.0,247.0,130.0,465.0,359.0,106.0
152,TAM,CAR,Tom Brady (BradTo00),QB,9.7,BradTo00,2020-09-20,20.0,339.0,217.0,122.0,2.0,Sun,1:00PM ET,@,Panthers,22.5,,,372.0,239.0,133.0,347.0,191.0,156.0,379.0,264.0,115.0
153,TAM,NOR,Tom Brady (BradTo00),QB,22.5,BradTo00,2020-09-13,23.0,310.0,224.0,86.0,3.0,Sun,4:25PM ET,home,Saints,,,,316.0,189.0,127.0,239.0,191.0,48.0,320.0,246.0,74.0
154,MIN,NOR,Kirk Cousins (CousKi00),QB,23.6,CousKi00,2020-12-25,25.0,364.0,274.0,90.0,0.0,Fri,4:30PM ET,home,Saints,20.3,17.1,22.4,411.0,232.0,179.0,413.0,167.0,246.0,332.0,262.0,70.0
155,MIN,CHI,Kirk Cousins (CousKi00),QB,20.3,CousKi00,2020-12-20,26.0,407.0,249.0,158.0,1.0,Sun,1:00PM ET,@,Bears,17.1,22.4,26.2,263.0,155.0,108.0,460.0,400.0,60.0,393.0,211.0,182.0
156,MIN,TAM,Kirk Cousins (CousKi00),QB,17.1,CousKi00,2020-12-13,27.0,335.0,173.0,162.0,1.0,Sun,1:00PM ET,home,Bucs,22.4,26.2,23.0,543.0,456.0,87.0,413.0,376.0,37.0,187.0,122.0,65.0
157,MIN,JAX,Kirk Cousins (CousKi00),QB,22.4,CousKi00,2020-12-06,30.0,420.0,275.0,145.0,2.0,Sun,1:00PM ET,@,Jaguars,26.2,23.0,18.6,459.0,252.0,207.0,373.0,267.0,106.0,395.0,315.0,80.0
158,MIN,CAR,Kirk Cousins (CousKi00),QB,26.2,CousKi00,2020-11-29,26.0,387.0,291.0,96.0,3.0,Sun,1:00PM ET,@,Panthers,23.0,18.6,20.8,185.0,145.0,40.0,544.0,334.0,210.0,397.0,361.0,36.0
159,MIN,DAL,Kirk Cousins (CousKi00),QB,23.0,CousKi00,2020-11-22,24.0,430.0,305.0,125.0,2.0,Sun,4:25PM ET,@,Cowboys,18.6,20.8,10.4,355.0,309.0,46.0,222.0,103.0,119.0,397.0,189.0,208.0
160,MIN,CHI,Kirk Cousins (CousKi00),QB,18.6,CousKi00,2020-11-16,19.0,385.0,286.0,99.0,2.0,Mon,8:15PM ET,home,Bears,20.8,10.4,26.7,228.0,136.0,92.0,394.0,272.0,122.0,371.0,211.0,160.0
161,MIN,DET,Kirk Cousins (CousKi00),QB,20.8,CousKi00,2020-11-08,22.0,487.0,212.0,275.0,0.0,Sun,1:00PM ET,@,Lions,10.4,26.7,15.2,366.0,247.0,119.0,388.0,322.0,66.0,275.0,231.0,44.0
162,MIN,GNB,Kirk Cousins (CousKi00),QB,10.4,CousKi00,2020-11-01,20.0,324.0,151.0,173.0,0.0,Sun,1:00PM ET,home,Packers,26.7,15.2,14.9,365.0,286.0,79.0,324.0,166.0,158.0,327.0,249.0,78.0
163,MIN,ATL,Kirk Cousins (CousKi00),QB,26.7,CousKi00,2020-10-18,19.0,365.0,333.0,32.0,3.0,Sun,1:00PM ET,@,Falcons,15.2,14.9,21.4,437.0,313.0,124.0,403.0,315.0,88.0,437.0,307.0,130.0
164,MIN,SEA,Kirk Cousins (CousKi00),QB,15.2,CousKi00,2020-10-11,31.0,449.0,248.0,201.0,2.0,Sun,8:20PM ET,home,Seahawks,14.9,21.4,1.5,415.0,312.0,103.0,522.0,461.0,61.0,464.0,397.0,67.0
165,MIN,HOU,Kirk Cousins (CousKi00),QB,14.9,CousKi00,2020-10-04,24.0,410.0,248.0,162.0,0.0,Sun,1:00PM ET,home,Texans,21.4,1.5,22.8,387.0,218.0,169.0,407.0,177.0,230.0,369.0,203.0,166.0
166,MIN,TEN,Kirk Cousins (CousKi00),QB,21.4,CousKi00,2020-09-27,22.0,464.0,238.0,226.0,3.0,Sun,1:00PM ET,@,Titans,1.5,22.8,,480.0,315.0,165.0,323.0,216.0,107.0,401.0,165.0,236.0
167,MIN,IND,Kirk Cousins (CousKi00),QB,1.5,CousKi00,2020-09-20,12.0,175.0,95.0,80.0,3.0,Sun,1:00PM ET,home,Colts,22.8,,,241.0,150.0,91.0,397.0,301.0,96.0,283.0,230.0,53.0
168,MIN,GNB,Kirk Cousins (CousKi00),QB,22.8,CousKi00,2020-09-13,25.0,382.0,248.0,134.0,1.0,Sun,1:00PM ET,@,Packers,,,,351.0,275.0,76.0,244.0,148.0,96.0,356.0,248.0,108.0
169,PIT,IND,Ben Roethlisberger (RoetBe00),QB,25.5,RoetBe00,2020-12-27,26.0,354.0,332.0,22.0,0.0,Sun,1:00PM ET,@,Colts,7.7,15.5,19.2,425.0,342.0,83.0,424.0,345.0,79.0,398.0,308.0,90.0
170,PIT,CIN,Ben Roethlisberger (RoetBe00),QB,7.7,RoetBe00,2020-12-21,12.0,244.0,158.0,86.0,3.0,Mon,8:15PM ET,home,Bengals,15.5,19.2,13.5,272.0,171.0,101.0,406.0,296.0,110.0,386.0,244.0,142.0
171,PIT,BUF,Ben Roethlisberger (RoetBe00),QB,15.5,RoetBe00,2020-12-13,14.0,224.0,177.0,47.0,2.0,Sun,8:20PM ET,home,Bills,19.2,13.5,17.7,402.0,316.0,86.0,367.0,291.0,76.0,453.0,236.0,217.0
172,PIT,WAS,Ben Roethlisberger (RoetBe00),QB,19.2,RoetBe00,2020-12-07,17.0,326.0,305.0,21.0,1.0,Mon,5:00PM ET,@,Redskins,13.5,17.7,29.3,247.0,187.0,60.0,272.0,202.0,70.0,372.0,267.0,105.0
173,PIT,BAL,Ben Roethlisberger (RoetBe00),QB,13.5,RoetBe00,2020-12-02,22.0,334.0,266.0,68.0,2.0,Wed,3:40PM ET,@,Ravens,17.7,29.3,25.0,423.0,250.0,173.0,308.0,135.0,173.0,339.0,227.0,112.0
174,PIT,JAX,Ben Roethlisberger (RoetBe00),QB,17.7,RoetBe00,2020-11-22,23.0,373.0,267.0,106.0,1.0,Sun,1:00PM ET,home,Jaguars,29.3,25.0,15.3,395.0,315.0,80.0,374.0,267.0,107.0,484.0,349.0,135.0
175,PIT,CIN,Ben Roethlisberger (RoetBe00),QB,29.3,RoetBe00,2020-11-15,22.0,377.0,333.0,44.0,0.0,Sun,4:25PM ET,@,Bengals,25.0,15.3,15.6,441.0,223.0,218.0,398.0,316.0,82.0,430.0,371.0,59.0
176,PIT,DAL,Ben Roethlisberger (RoetBe00),QB,25.0,RoetBe00,2020-11-08,20.0,355.0,309.0,46.0,0.0,Sun,4:25PM ET,home,Cowboys,15.3,15.6,11.0,222.0,103.0,119.0,397.0,189.0,208.0,438.0,177.0,261.0
177,PIT,BAL,Ben Roethlisberger (RoetBe00),QB,15.3,RoetBe00,2020-11-01,19.0,221.0,173.0,48.0,1.0,Sun,1:00PM ET,home,Ravens,15.6,11.0,21.4,364.0,170.0,194.0,205.0,135.0,70.0,343.0,274.0,69.0
178,PIT,TEN,Ben Roethlisberger (RoetBe00),QB,15.6,RoetBe00,2020-10-25,23.0,362.0,268.0,94.0,3.0,Sun,1:00PM ET,home,Titans,11.0,21.4,19.2,412.0,320.0,92.0,370.0,275.0,95.0,464.0,238.0,226.0
179,PIT,CLE,Ben Roethlisberger (RoetBe00),QB,11.0,RoetBe00,2020-10-18,18.0,277.0,148.0,129.0,0.0,Sun,1:00PM ET,@,Browns,21.4,19.2,19.2,308.0,240.0,68.0,566.0,481.0,85.0,309.0,206.0,103.0
180,PIT,PHI,Ben Roethlisberger (RoetBe00),QB,21.4,RoetBe00,2020-10-11,25.0,367.0,231.0,136.0,1.0,Sun,1:00PM ET,@,Eagles,19.2,19.2,22.1,417.0,301.0,116.0,304.0,256.0,48.0,449.0,258.0,191.0
181,PIT,HOU,Ben Roethlisberger (RoetBe00),QB,19.2,RoetBe00,2020-09-27,25.0,387.0,218.0,169.0,0.0,Sun,1:00PM ET,@,Texans,19.2,22.1,,407.0,177.0,230.0,369.0,203.0,166.0,492.0,204.0,288.0
182,PIT,DEN,Ben Roethlisberger (RoetBe00),QB,19.2,RoetBe00,2020-09-20,19.0,410.0,301.0,109.0,2.0,Sun,1:00PM ET,@,Broncos,22.1,,,377.0,247.0,130.0,465.0,359.0,106.0,477.0,380.0,97.0
183,PIT,NYG,Ben Roethlisberger (RoetBe00),QB,22.1,RoetBe00,2020-09-14,19.0,349.0,208.0,141.0,1.0,Mon,7:15PM ET,home,Giants,,,,307.0,199.0,108.0,400.0,279.0,121.0,361.0,281.0,80.0
184,JAX,BAL,Gardner Minshew II (MinsGa00),QB,15.9,MinsGa00,2020-12-20,17.0,267.0,205.0,62.0,1.0,Sun,1:00PM ET,home,Ravens,13.3,19.0,18.6,493.0,355.0,138.0,388.0,277.0,111.0,334.0,266.0,68.0
185,JAX,TEN,Gardner Minshew II (MinsGa00),QB,13.3,MinsGa00,2020-12-13,20.0,354.0,263.0,91.0,1.0,Sun,1:00PM ET,@,Titans,19.0,18.6,19.8,458.0,340.0,118.0,336.0,280.0,56.0,306.0,177.0,129.0
186,JAX,LAC,Gardner Minshew II (MinsGa00),QB,19.0,MinsGa00,2020-10-25,15.0,294.0,154.0,140.0,1.0,Sun,4:25PM ET,home,Chargers,18.6,19.8,21.9,408.0,313.0,95.0,484.0,369.0,115.0,302.0,221.0,81.0
187,JAX,DET,Gardner Minshew II (MinsGa00),QB,18.6,MinsGa00,2020-10-18,16.0,275.0,231.0,44.0,2.0,Sun,1:00PM ET,@,Lions,19.8,21.9,10.2,392.0,228.0,164.0,377.0,268.0,109.0,488.0,229.0,259.0
188,JAX,HOU,Gardner Minshew II (MinsGa00),QB,19.8,MinsGa00,2020-10-11,22.0,364.0,289.0,75.0,2.0,Sun,1:00PM ET,home,Texans,21.9,10.2,25.5,410.0,248.0,162.0,387.0,218.0,169.0,407.0,177.0,230.0
189,JAX,CIN,Gardner Minshew II (MinsGa00),QB,21.9,MinsGa00,2020-10-04,25.0,429.0,340.0,89.0,1.0,Sun,1:00PM ET,home,Bengals,10.2,25.5,20.8,378.0,206.0,172.0,434.0,219.0,215.0,362.0,207.0,155.0
190,JAX,MIA,Gardner Minshew II (MinsGa00),QB,10.2,MinsGa00,2020-09-24,22.0,318.0,246.0,72.0,2.0,Thu,8:20PM ET,@,Dolphins,25.5,20.8,,523.0,411.0,112.0,357.0,140.0,217.0,455.0,377.0,78.0
191,JAX,TEN,Gardner Minshew II (MinsGa00),QB,25.5,MinsGa00,2020-09-20,30.0,480.0,315.0,165.0,2.0,Sun,1:00PM ET,home,Titans,20.8,,,323.0,216.0,107.0,401.0,165.0,236.0,457.0,361.0,96.0
192,JAX,IND,Gardner Minshew II (MinsGa00),QB,20.8,MinsGa00,2020-09-13,17.0,241.0,150.0,91.0,0.0,Sun,1:00PM ET,@,Colts,,,,397.0,301.0,96.0,283.0,230.0,53.0,353.0,286.0,67.0
193,ATL,KAN,Matt Ryan (RyanMa00),QB,19.9,RyanMa00,2020-12-27,23.0,367.0,277.0,90.0,1.0,Sun,1:00PM ET,home,Chiefs,27.8,10.3,12.9,285.0,225.0,60.0,367.0,287.0,80.0,330.0,151.0,179.0
194,ATL,TAM,Matt Ryan (RyanMa00),QB,27.8,RyanMa00,2020-12-20,23.0,369.0,332.0,37.0,0.0,Sun,1:00PM ET,@,Bucs,10.3,12.9,14.9,335.0,173.0,162.0,543.0,456.0,87.0,413.0,376.0,37.0
195,ATL,LAC,Matt Ryan (RyanMa00),QB,10.3,RyanMa00,2020-12-13,19.0,319.0,249.0,70.0,3.0,Sun,4:25PM ET,home,Chargers,12.9,14.9,7.3,291.0,126.0,165.0,332.0,160.0,172.0,292.0,196.0,96.0
196,ATL,NOR,Matt Ryan (RyanMa00),QB,12.9,RyanMa00,2020-12-06,21.0,332.0,262.0,70.0,1.0,Sun,1:00PM ET,@,Saints,14.9,7.3,23.4,112.0,12.0,100.0,248.0,196.0,52.0,281.0,232.0,49.0
197,ATL,LVR,Matt Ryan (RyanMa00),QB,14.9,RyanMa00,2020-11-29,23.0,304.0,179.0,125.0,1.0,Sun,1:00PM ET,@,Raiders,7.3,23.4,18.9,460.0,352.0,108.0,313.0,247.0,66.0,440.0,312.0,128.0
198,ATL,NOR,Matt Ryan (RyanMa00),QB,7.3,RyanMa00,2020-11-22,14.0,248.0,196.0,52.0,2.0,Sun,1:00PM ET,home,Saints,23.4,18.9,17.5,281.0,232.0,49.0,194.0,186.0,8.0,329.0,233.0,96.0
199,ATL,DEN,Matt Ryan (RyanMa00),QB,23.4,RyanMa00,2020-11-08,23.0,363.0,271.0,92.0,1.0,Sun,1:00PM ET,@,Broncos,18.9,17.5,31.6,485.0,275.0,210.0,286.0,185.0,101.0,288.0,171.0,117.0
200,ATL,CAR,Matt Ryan (RyanMa00),QB,18.9,RyanMa00,2020-10-29,28.0,401.0,270.0,131.0,1.0,Thu,8:20PM ET,home,Panthers,17.5,31.6,7.9,415.0,277.0,138.0,261.0,198.0,63.0,373.0,207.0,166.0
201,ATL,DET,Matt Ryan (RyanMa00),QB,17.5,RyanMa00,2020-10-25,26.0,388.0,322.0,66.0,1.0,Sun,1:00PM ET,@,Lions,31.6,7.9,12.4,275.0,231.0,44.0,392.0,228.0,164.0,377.0,268.0,109.0
202,ATL,MIN,Matt Ryan (RyanMa00),QB,31.6,RyanMa00,2020-10-18,24.0,462.0,363.0,99.0,1.0,Sun,1:00PM ET,home,Vikings,7.9,12.4,12.4,314.0,190.0,124.0,386.0,290.0,96.0,444.0,310.0,134.0
203,ATL,CAR,Matt Ryan (RyanMa00),QB,7.9,RyanMa00,2020-10-11,21.0,373.0,207.0,166.0,1.0,Sun,1:00PM ET,@,Panthers,12.4,12.4,28.5,262.0,133.0,129.0,436.0,319.0,117.0,339.0,217.0,122.0
204,ATL,GNB,Matt Ryan (RyanMa00),QB,12.4,RyanMa00,2020-10-05,24.0,327.0,249.0,78.0,0.0,Mon,8:15PM ET,home,Packers,12.4,28.5,24.9,397.0,275.0,122.0,307.0,218.0,89.0,382.0,248.0,134.0
205,ATL,CHI,Matt Ryan (RyanMa00),QB,12.4,RyanMa00,2020-09-27,22.0,371.0,227.0,144.0,1.0,Sun,1:00PM ET,@,Bears,28.5,24.9,,295.0,220.0,75.0,426.0,288.0,138.0,385.0,262.0,123.0
206,ATL,DAL,Matt Ryan (RyanMa00),QB,28.5,RyanMa00,2020-09-20,22.0,380.0,267.0,113.0,0.0,Sun,1:00PM ET,home,Cowboys,24.9,,,422.0,269.0,153.0,336.0,211.0,125.0,271.0,183.0,88.0
207,ATL,SEA,Matt Ryan (RyanMa00),QB,24.9,RyanMa00,2020-09-13,28.0,506.0,434.0,72.0,2.0,Sun,1:00PM ET,@,Seahawks,,,,333.0,169.0,164.0,328.0,242.0,86.0,398.0,270.0,128.0
208,MIA,LVR,Ryan Fitzpatrick (FitzRy00),QB,11.3,FitzRy00,2020-12-26,18.0,383.0,253.0,130.0,0.0,Sat,8:15PM ET,home,Raiders,19.3,4.3,18.0,402.0,306.0,96.0,456.0,244.0,212.0,376.0,170.0,206.0
209,MIA,NYJ,Ryan Fitzpatrick (FitzRy00),QB,19.3,FitzRy00,2020-11-29,22.0,345.0,241.0,104.0,2.0,Sun,1:00PM ET,home,Jets,4.3,18.0,27.6,376.0,347.0,29.0,433.0,274.0,159.0,496.0,446.0,50.0
210,MIA,DEN,Ryan Fitzpatrick (FitzRy00),QB,4.3,FitzRy00,2020-11-22,17.0,223.0,167.0,56.0,1.0,Sun,4:05PM ET,home,Broncos,18.0,27.6,23.3,357.0,154.0,203.0,363.0,271.0,92.0,485.0,275.0,210.0
211,MIA,NYJ,Ryan Fitzpatrick (FitzRy00),QB,18.0,FitzRy00,2020-10-18,18.0,302.0,192.0,110.0,2.0,Sun,4:05PM ET,@,Jets,27.6,23.3,24.7,496.0,369.0,127.0,359.0,242.0,117.0,353.0,234.0,119.0
212,MIA,SFO,Ryan Fitzpatrick (FitzRy00),QB,27.6,FitzRy00,2020-10-11,22.0,436.0,342.0,94.0,0.0,Sun,4:05PM ET,home,Niners,23.3,24.7,24.3,267.0,174.0,93.0,231.0,165.0,66.0,277.0,173.0,104.0
213,MIA,SEA,Ryan Fitzpatrick (FitzRy00),QB,23.3,FitzRy00,2020-10-04,25.0,415.0,312.0,103.0,2.0,Sun,1:00PM ET,@,Seahawks,24.7,24.3,8.4,522.0,461.0,61.0,464.0,397.0,67.0,506.0,434.0,72.0
214,MIA,JAX,Ryan Fitzpatrick (FitzRy00),QB,24.7,FitzRy00,2020-09-24,23.0,294.0,156.0,138.0,0.0,Thu,8:20PM ET,home,Jaguars,24.3,8.4,,354.0,231.0,123.0,445.0,357.0,88.0,437.0,164.0,273.0
215,MIA,BUF,Ryan Fitzpatrick (FitzRy00),QB,24.3,FitzRy00,2020-09-20,28.0,410.0,311.0,99.0,0.0,Sun,1:00PM ET,@,Bills,8.4,,,254.0,202.0,52.0,439.0,325.0,114.0,340.0,190.0,150.0
216,MIA,NWE,Ryan Fitzpatrick (FitzRy00),QB,8.4,FitzRy00,2020-09-13,20.0,269.0,182.0,87.0,3.0,Sun,1:00PM ET,home,Patriots,,,,350.0,239.0,111.0,389.0,326.0,63.0,268.0,176.0,92.0
217,CIN,WAS,Joe Burrow (BurrJo01),QB,11.3,BurrJo01,2020-11-22,18.0,272.0,202.0,70.0,2.0,Sun,1:00PM ET,home,Redskins,12.5,18.9,34.6,372.0,267.0,105.0,350.0,184.0,166.0,142.0,59.0,83.0
218,CIN,PIT,Joe Burrow (BurrJo01),QB,12.5,BurrJo01,2020-11-15,16.0,324.0,185.0,139.0,2.0,Sun,4:25PM ET,home,Steelers,18.9,34.6,17.7,364.0,220.0,144.0,457.0,192.0,265.0,292.0,210.0,82.0
219,CIN,TEN,Joe Burrow (BurrJo01),QB,18.9,BurrJo01,2020-11-01,27.0,367.0,249.0,118.0,0.0,Sun,1:00PM ET,@,Titans,34.6,17.7,5.3,362.0,268.0,94.0,412.0,320.0,92.0,370.0,275.0,95.0
220,CIN,CLE,Joe Burrow (BurrJo01),QB,34.6,BurrJo01,2020-10-25,31.0,468.0,387.0,81.0,2.0,Sun,1:00PM ET,@,Browns,17.7,5.3,16.1,277.0,148.0,129.0,308.0,240.0,68.0,566.0,481.0,85.0
221,CIN,IND,Joe Burrow (BurrJo01),QB,17.7,BurrJo01,2020-10-18,22.0,398.0,300.0,98.0,1.0,Sun,1:00PM ET,home,Colts,5.3,16.1,20.4,385.0,261.0,124.0,269.0,241.0,28.0,260.0,151.0,109.0
222,CIN,BAL,Joe Burrow (BurrJo01),QB,5.3,BurrJo01,2020-10-11,12.0,205.0,135.0,70.0,3.0,Sun,1:00PM ET,home,Ravens,16.1,20.4,24.5,343.0,274.0,69.0,517.0,385.0,132.0,304.0,253.0,51.0
223,CIN,JAX,Joe Burrow (BurrJo01),QB,16.1,BurrJo01,2020-10-04,28.0,505.0,300.0,205.0,1.0,Sun,1:00PM ET,@,Jaguars,20.4,24.5,17.3,294.0,156.0,138.0,354.0,231.0,123.0,445.0,357.0,88.0
224,CIN,PHI,Joe Burrow (BurrJo01),QB,20.4,BurrJo01,2020-09-27,24.0,304.0,256.0,48.0,0.0,Sun,1:00PM ET,home,Eagles,24.5,17.3,,449.0,258.0,191.0,239.0,159.0,80.0,248.0,145.0,103.0
225,CIN,CLE,Joe Burrow (BurrJo01),QB,24.5,BurrJo01,2020-09-17,30.0,353.0,285.0,68.0,1.0,Thu,8:20PM ET,home,Browns,17.3,,,381.0,270.0,111.0,438.0,315.0,123.0,553.0,501.0,52.0
226,CIN,LAC,Joe Burrow (BurrJo01),QB,17.3,BurrJo01,2020-09-13,19.0,295.0,173.0,122.0,2.0,Sun,4:05PM ET,@,Chargers,,,,268.0,217.0,51.0,336.0,174.0,162.0,366.0,267.0,99.0
227,PHI,GNB,Carson Wentz (WentCa00),QB,5.0,WentCa00,2020-12-06,17.0,278.0,161.0,117.0,1.0,Sun,4:25PM ET,home,Packers,19.8,16.4,8.7,350.0,229.0,121.0,420.0,280.0,140.0,260.0,151.0,109.0
228,PHI,SEA,Carson Wentz (WentCa00),QB,19.8,WentCa00,2020-11-30,18.0,250.0,180.0,70.0,1.0,Mon,8:15PM ET,@,Seahawks,16.4,8.7,10.6,314.0,257.0,57.0,389.0,283.0,106.0,420.0,386.0,34.0
229,PHI,CLE,Carson Wentz (WentCa00),QB,16.4,WentCa00,2020-11-22,19.0,315.0,209.0,106.0,3.0,Sun,1:00PM ET,home,Browns,8.7,10.6,28.8,243.0,153.0,90.0,309.0,100.0,209.0,468.0,387.0,81.0
230,PHI,NYG,Carson Wentz (WentCa00),QB,8.7,WentCa00,2020-11-15,22.0,346.0,190.0,156.0,0.0,Sun,1:00PM ET,home,Giants,10.6,28.8,29.4,402.0,365.0,37.0,344.0,263.0,81.0,442.0,346.0,96.0
231,PHI,DAL,Carson Wentz (WentCa00),QB,10.6,WentCa00,2020-11-01,18.0,222.0,103.0,119.0,4.0,Sun,8:20PM ET,@,Cowboys,28.8,29.4,19.4,397.0,189.0,208.0,438.0,177.0,261.0,300.0,211.0,89.0
232,PHI,NYG,Carson Wentz (WentCa00),QB,28.8,WentCa00,2020-10-22,27.0,442.0,346.0,96.0,1.0,Thu,8:20PM ET,@,Giants,29.4,19.4,22.4,337.0,251.0,86.0,402.0,276.0,126.0,240.0,182.0,58.0
233,PHI,BAL,Carson Wentz (WentCa00),QB,29.4,WentCa00,2020-10-18,19.0,364.0,170.0,194.0,1.0,Sun,1:00PM ET,@,Ravens,19.4,22.4,23.5,205.0,135.0,70.0,343.0,274.0,69.0,517.0,385.0,132.0
234,PHI,PIT,Carson Wentz (WentCa00),QB,19.4,WentCa00,2020-10-11,20.0,336.0,242.0,94.0,2.0,Sun,1:00PM ET,home,Steelers,22.4,23.5,14.4,260.0,231.0,29.0,319.0,215.0,104.0,291.0,262.0,29.0
235,PHI,SFO,Carson Wentz (WentCa00),QB,22.4,WentCa00,2020-10-04,18.0,267.0,174.0,93.0,1.0,Sun,8:20PM ET,home,Niners,23.5,14.4,15.0,231.0,165.0,66.0,277.0,173.0,104.0,404.0,224.0,180.0
236,PHI,CIN,Carson Wentz (WentCa00),QB,23.5,WentCa00,2020-09-27,27.0,378.0,206.0,172.0,2.0,Sun,1:00PM ET,@,Bengals,14.4,15.0,,434.0,219.0,215.0,362.0,207.0,155.0,525.0,121.0,404.0
237,PHI,LAR,Carson Wentz (WentCa00),QB,14.4,WentCa00,2020-09-20,25.0,363.0,242.0,121.0,3.0,Sun,1:00PM ET,@,Rams,15.0,,,380.0,244.0,136.0,484.0,296.0,188.0,278.0,142.0,136.0
238,PHI,WAS,Carson Wentz (WentCa00),QB,15.0,WentCa00,2020-09-13,19.0,265.0,208.0,57.0,3.0,Sun,1:00PM ET,home,Redskins,,,,507.0,365.0,142.0,216.0,98.0,118.0,517.0,294.0,223.0
239,NOR,MIN,Drew Brees (BreeDr00),QB,10.1,BreeDr00,2020-12-25,36.0,583.0,319.0,264.0,2.0,Fri,4:30PM ET,@,Vikings,20.4,6.9,22.7,397.0,198.0,199.0,303.0,196.0,107.0,390.0,266.0,124.0
240,NOR,KAN,Drew Brees (BreeDr00),QB,20.4,BreeDr00,2020-12-20,15.0,285.0,225.0,60.0,1.0,Sun,4:25PM ET,@,Chiefs,6.9,22.7,19.6,367.0,287.0,80.0,330.0,151.0,179.0,417.0,342.0,75.0
241,NOR,SFO,Drew Brees (BreeDr00),QB,6.9,BreeDr00,2020-11-15,17.0,237.0,123.0,114.0,2.0,Sun,4:25PM ET,@,Niners,22.7,19.6,23.7,405.0,294.0,111.0,350.0,249.0,101.0,241.0,147.0,94.0
242,NOR,TAM,Drew Brees (BreeDr00),QB,22.7,BreeDr00,2020-11-08,27.0,420.0,282.0,138.0,2.0,Sun,8:20PM ET,home,Bucs,19.6,23.7,22.1,357.0,256.0,101.0,347.0,271.0,76.0,201.0,107.0,94.0
243,NOR,CHI,Drew Brees (BreeDr00),QB,19.6,BreeDr00,2020-11-01,23.0,394.0,272.0,122.0,0.0,Sun,4:25PM ET,home,Bears,23.7,22.1,16.5,371.0,211.0,160.0,303.0,191.0,112.0,339.0,233.0,106.0
244,NOR,CAR,Drew Brees (BreeDr00),QB,23.7,BreeDr00,2020-10-25,26.0,415.0,277.0,138.0,1.0,Sun,1:00PM ET,@,Panthers,22.1,16.5,23.5,261.0,198.0,63.0,373.0,207.0,166.0,262.0,133.0,129.0
245,NOR,LAC,Drew Brees (BreeDr00),QB,22.1,BreeDr00,2020-10-12,23.0,408.0,313.0,95.0,1.0,Mon,8:15PM ET,@,Chargers,16.5,23.5,15.5,484.0,369.0,115.0,302.0,221.0,81.0,414.0,289.0,125.0
246,NOR,DET,Drew Brees (BreeDr00),QB,16.5,BreeDr00,2020-10-04,29.0,392.0,228.0,164.0,1.0,Sun,1:00PM ET,home,Lions,23.5,15.5,14.4,377.0,268.0,109.0,488.0,229.0,259.0,363.0,214.0,149.0
247,NOR,GNB,Drew Brees (BreeDr00),QB,23.5,BreeDr00,2020-09-27,21.0,397.0,275.0,122.0,1.0,Sun,8:20PM ET,@,Packers,15.5,14.4,,307.0,218.0,89.0,382.0,248.0,134.0,351.0,275.0,76.0
248,NOR,LVR,Drew Brees (BreeDr00),QB,15.5,BreeDr00,2020-09-21,26.0,424.0,312.0,112.0,1.0,Mon,8:15PM ET,home,Raiders,14.4,,,388.0,259.0,129.0,446.0,324.0,122.0,238.0,168.0,70.0
249,NOR,TAM,Drew Brees (BreeDr00),QB,14.4,BreeDr00,2020-09-13,18.0,271.0,189.0,82.0,0.0,Sun,4:25PM ET,@,Bucs,,,,350.0,243.0,107.0,381.0,314.0,67.0,294.0,190.0,104.0
